{
    "rotation_matrix": [
        [
            0.4833893312474308,
            -0.07886398526314832,
            -0.8718458729985338
        ],
        [
            -0.09157264776140274,
            0.9859144520323406,
            -0.1399540762383694
        ],
        [
            0.8706027823399874,
            0.14748954234854475,
            0.46935874369152764
        ]
    ],
    "translation_vector": [
        1.624577403701207,
        0.05866703593245713,
        0.6704679359944732
    ]
}